Question,Answer
What is the basic health insurance requirement in Switzerland?,"In Switzerland, everyone is required to have basic health insurance (KVG/LAMal) which covers a standard range of healthcare services."
Are there penalties for not having health insurance in Switzerland?,"Yes, there are penalties for not having health insurance in Switzerland. The government can enroll you in a plan and charge you with back premiums."
Can I choose my health insurance provider in Switzerland?,"Yes, you can choose your health insurance provider in Switzerland from a range of approved providers."
Is complementary health insurance mandatory in Switzerland?,"No, complementary (or supplemental) health insurance is not mandatory in Switzerland, but it offers additional coverage."
What are the general benefits covered under Swiss basic health insurance?,"Basic health insurance in Switzerland covers treatments by doctors, hospitals, and certain medications. It also covers maternity and emergency services."
Are dental treatments covered by basic health insurance in Switzerland?,"Generally, dental treatments are not covered by basic health insurance in Switzerland, except in special cases like severe illnesses."
How are health insurance premiums determined in Switzerland?,"Health insurance premiums in Switzerland are determined by the insurance provider and can depend on factors like age, canton of residence, and chosen deductible."
Is there a deadline to get health insurance after moving to Switzerland?,"Yes, you must arrange for basic health insurance within three months of taking up residence in Switzerland."
Can I change my health insurance provider in Switzerland?,"Yes, you can change your health insurance provider in Switzerland, typically during the open enrollment period."
Does Swiss health insurance cover accidents?,Accidents are covered by Swiss health insurance if you don't have accident insurance through your employer.
What is a franchise in the context of Swiss health insurance?,A franchise in Swiss health insurance is the amount you pay out of pocket each year before your insurance starts to pay.
How does the reimbursement system work in Swiss health insurance?,"After paying the franchise, your insurance covers a portion of your medical expenses, and you pay a small percentage until you reach a stop-loss limit."
Are pre-existing conditions covered by Swiss health insurance?,"Yes, in Switzerland, health insurance providers must cover pre-existing conditions without charging extra premiums."
Is health insurance in Switzerland linked to employment?,"No, health insurance in Switzerland is not linked to employment and must be arranged individually."
What happens to my Swiss health insurance if I lose my job?,"Your Swiss health insurance is not affected if you lose your job, as it's not tied to employment."
Are family members covered under my Swiss health insurance plan?,Each family member in Switzerland needs their own health insurance plan; children and adults have separate plans.
Are there subsidies available for health insurance in Switzerland?,"Yes, subsidies for health insurance premiums in Switzerland are available based on income and personal circumstances."
How does maternity coverage work in Swiss health insurance?,"Maternity coverage in Swiss health insurance includes prenatal care, childbirth, and postnatal care without any copayment."
Is alternative medicine covered by Swiss health insurance?,Alternative medicine may be covered by Swiss health insurance if you have supplemental insurance that includes this benefit.
What should I do if I'm not satisfied with my health insurance provider's decision in Switzerland?,"If you're not satisfied with a decision, you can contact the Swiss health insurance ombudsman or consider legal options."
how can i choose the best health insurance plan for my needs in switzerland?,"You can access a wide range of health insurance plans tailored to the individual and family needs. these include basic insurance, supplementary insurances, private pension provision and medical plans. services include hospital and dental care, travel insurance, daily allowance, accident protection, premium discounts, digital solutions such as health compass and hour counselling. you can benefit from flexible cover options, preferential care and free choice of doctors and hospitals."
what are the main types of personal insurance coverage available in switzerland?,"concordia provides health insurance plans for individuals and families that include basic insurance, supplementary insurances diversa, natura, hospital, dental care, travel insurance and private pension provision and various life situation covers. benefits include free and premium services, such as  medical advice, discounts, premium calculator and compensation services."
what should i know about property insurance for homeowners in switzerland?,"concordia offers insurance plans tailored for homeowners in switzerland, including basic insurance, supplementary insurance, health insurance and private pension provision. benefits include worldwide hospital cover, family support, premium reductions, niche protection such as dental care and travel insurance, a global assistance service and health advice."
"types of insurance policies available in switzerland for expats including health, car, property, and liability insurance coverage options and requirements","concordia offers a range of insurance plans tailored to different life situations, such as basic insurance, supplementary insurances diversa, natura, hospital, dental care, travel, private pension provision, and life situation covers. it provides personal family doctor as the first contact person, cost savings, premium discounts and a variety of services and digital solutions such as health compass and hour counselling."
"What factors should I consider before selecting a personal insurance plan in Switzerland, and how do I ensure that it adequately covers my needs and complies with Swiss regulations?","when selecting a personal insurance plan in switzerland, consider your specific needs and life situation. factors to consider include the coverage offered, such as basic insurance or supplementary insurance, as well as the types of coverage available, such as hospital, dental care, or travel insurance. it is important to ensure that the insurance plan complies with swiss regulations. to do this, you can consult swiss insurance regulations and guidelines or seek advice from a reputable insurance provider. additionally, make sure to review the policy details, including deductibles, costsharing, and any additional services provided. you can also use online tools, such as premium calculators, to help determine the cost of the insurance plan."
